id,tag
0,B_Contact_Name
1,B_Contact_Name
2,B_Contact_Name
3,B_Contact_Name
4,B_Contact_Name
5,B_Contact_Name
6,B_Contact_Name
7,B_Contact_Name
8,B_Contact_Name
9,B_Contact_Name
10,B_Contact_Name
11,B_Contact_Name
12,B_Contact_Name
13,B_Contact_Name
14,B_Contact_Name
15,B_Contact_Name
16,B_Contact_Name
17,B_Contact_Name
18,B_Contact_Name
19,B_Contact_Name
20,B_Contact_Name
21,B_Contact_Name
22,B_Contact_Name
23,B_Contact_Name
24,B_Contact_Name
25,B_Contact_Name
26,B_Contact_Name
27,B_Contact_Name
28,B_Contact_Name
29,B_Contact_Name
30,B_Contact_Name
31,B_Contact_Name
32,B_Contact_Name
33,B_Contact_Name
34,B_Contact_Name
35,B_Contact_Name
36,B_Contact_Name
37,B_Contact_Name
38,B_Contact_Name
39,B_Contact_Name
40,B_Contact_Name
41,B_Contact_Name
42,B_Contact_Name
43,B_Contact_Name
44,B_Contact_Name
45,B_Contact_Name
46,B_Contact_Name
47,B_Contact_Name
48,B_Contact_Name
49,B_Contact_Name
50,B_Contact_Name
51,B_Contact_Name
52,B_Contact_Name
53,B_Contact_Name
54,B_Contact_Name
55,B_Contact_Name
56,B_Contact_Name
57,B_Contact_Name
58,B_Contact_Name
59,B_Contact_Name
60,B_Contact_Name
61,B_Contact_Name
62,B_Contact_Name
63,B_Contact_Name
64,B_Contact_Name
65,B_Contact_Name
66,B_Contact_Name
67,B_Contact_Name
68,B_Contact_Name
69,B_Contact_Name
70,B_Contact_Name
71,B_Contact_Name
72,B_Contact_Name
73,B_Contact_Name
74,B_Contact_Name
75,B_Contact_Name
76,B_Contact_Name
77,B_Contact_Name
78,B_Contact_Name
79,B_Contact_Name
80,B_Contact_Name
81,B_Contact_Name
82,B_Contact_Name
83,B_Contact_Name
84,B_Contact_Name
85,B_Contact_Name
86,B_Contact_Name
87,B_Contact_Name
88,B_Contact_Name
89,B_Contact_Name
90,B_Contact_Name
91,B_Contact_Name
92,B_Contact_Name
93,B_Contact_Name
94,B_Contact_Name
95,B_Contact_Name
96,B_Contact_Name
97,B_Contact_Name
98,B_Contact_Name
99,B_Contact_Name
100,B_Contact_Name
101,B_Contact_Name
102,B_Contact_Name
103,B_Contact_Name
104,B_Contact_Name
105,B_Contact_Name
106,B_Contact_Name
107,B_Contact_Name
108,B_Contact_Name
109,B_Contact_Name
110,B_Contact_Name
111,B_Contact_Name
112,B_Contact_Name
113,B_Contact_Name
114,B_Contact_Name
115,B_Contact_Name
116,B_Contact_Name
117,B_Contact_Name
118,B_Contact_Name
119,B_Contact_Name
120,B_Contact_Name
121,B_Contact_Name
122,B_Contact_Name
123,B_Contact_Name
124,B_Contact_Name
125,B_Contact_Name
126,B_Contact_Name
127,B_Contact_Name
128,B_Contact_Name
129,B_Contact_Name
130,B_Contact_Name
131,B_Contact_Name
132,B_Contact_Name
133,B_Contact_Name
134,B_Contact_Name
135,B_Contact_Name
136,B_Contact_Name
137,B_Contact_Name
138,B_Contact_Name
139,B_Contact_Name
140,B_Contact_Name
141,B_Contact_Name
142,B_Contact_Name
143,B_Contact_Name
144,B_Contact_Name
145,B_Contact_Name
146,B_Contact_Name
147,B_Contact_Name
148,B_Contact_Name
149,B_Contact_Name
150,B_Contact_Name
151,B_Contact_Name
152,B_Contact_Name
153,B_Contact_Name
154,B_Contact_Name
155,B_Contact_Name
156,B_Contact_Name
157,B_Contact_Name
158,B_Contact_Name
159,B_Contact_Name
160,B_Contact_Name
161,B_Contact_Name
162,B_Contact_Name
163,B_Contact_Name
164,B_Contact_Name
165,B_Contact_Name
166,B_Contact_Name
167,B_Contact_Name
168,B_Contact_Name
169,B_Contact_Name
170,B_Contact_Name
171,B_Contact_Name
172,B_Contact_Name
173,B_Contact_Name
174,B_Contact_Name
175,B_Contact_Name
176,B_Contact_Name
177,B_Contact_Name
178,B_Contact_Name
179,B_Contact_Name
180,B_Contact_Name
181,B_Contact_Name
182,B_Contact_Name
183,B_Contact_Name
184,B_Contact_Name
185,B_Contact_Name
186,B_Contact_Name
187,B_Contact_Name
188,B_Contact_Name
189,B_Contact_Name
190,B_Contact_Name
191,B_Contact_Name
192,B_Contact_Name
193,B_Contact_Name
194,B_Contact_Name
195,B_Contact_Name
196,B_Contact_Name
197,B_Contact_Name
198,B_Contact_Name
199,B_Contact_Name
200,B_Contact_Name
201,B_Contact_Name
202,B_Contact_Name
203,B_Contact_Name
204,B_Contact_Name
205,B_Contact_Name
206,B_Contact_Name
207,B_Contact_Name
208,B_Contact_Name
209,B_Contact_Name
210,B_Contact_Name
211,B_Contact_Name
212,B_Contact_Name
213,B_Contact_Name
214,B_Contact_Name
215,B_Contact_Name
216,B_Contact_Name
217,B_Contact_Name
218,B_Contact_Name
219,B_Contact_Name
220,B_Contact_Name
221,B_Contact_Name
222,B_Contact_Name
223,B_Contact_Name
224,B_Contact_Name
225,B_Contact_Name
226,B_Contact_Name
227,B_Contact_Name
228,B_Contact_Name
229,B_Contact_Name
230,B_Contact_Name
231,B_Contact_Name
232,B_Contact_Name
233,B_Contact_Name
234,B_Contact_Name
235,B_Contact_Name
236,B_Contact_Name
237,B_Contact_Name
238,B_Contact_Name
239,B_Contact_Name
240,B_Contact_Name
241,B_Contact_Name
242,B_Contact_Name
243,B_Contact_Name
244,B_Contact_Name
245,B_Contact_Name
246,B_Contact_Name
247,B_Contact_Name
248,B_Contact_Name
249,B_Contact_Name
250,B_Contact_Name
251,B_Contact_Name
252,B_Contact_Name
253,B_Contact_Name
254,B_Contact_Name
255,B_Contact_Name
256,B_Contact_Name
257,B_Contact_Name
258,B_Contact_Name
259,B_Contact_Name
260,B_Contact_Name
261,B_Contact_Name
262,B_Contact_Name
263,B_Contact_Name
264,B_Contact_Name
265,B_Contact_Name
266,B_Contact_Name
267,B_Contact_Name
268,B_Contact_Name
269,B_Contact_Name
270,B_Contact_Name
271,B_Contact_Name
272,B_Contact_Name
273,B_Contact_Name
274,B_Contact_Name
275,B_Contact_Name
276,B_Contact_Name
277,B_Contact_Name
278,B_Contact_Name
279,B_Contact_Name
280,B_Contact_Name
281,B_Contact_Name
282,B_Contact_Name
283,B_Contact_Name
284,B_Contact_Name
285,B_Contact_Name
286,B_Contact_Name
287,B_Contact_Name
288,B_Contact_Name
289,B_Contact_Name
290,B_Contact_Name
291,B_Contact_Name
292,B_Contact_Name
293,B_Contact_Name
294,B_Contact_Name
295,B_Contact_Name
296,B_Contact_Name
297,B_Contact_Name
298,B_Contact_Name
299,B_Contact_Name
300,B_Contact_Name
301,B_Contact_Name
302,B_Contact_Name
303,B_Contact_Name
304,B_Contact_Name
305,B_Contact_Name
306,B_Contact_Name
307,B_Contact_Name
308,B_Contact_Name
309,B_Contact_Name
310,B_Contact_Name
311,B_Contact_Name
312,B_Contact_Name
313,B_Contact_Name
314,B_Contact_Name
315,B_Contact_Name
316,B_Contact_Name
317,B_Contact_Name
318,B_Contact_Name
319,B_Contact_Name
320,B_Contact_Name
321,B_Contact_Name
322,B_Contact_Name
323,B_Contact_Name
324,B_Contact_Name
325,B_Contact_Name
326,B_Contact_Name
327,B_Contact_Name
328,B_Contact_Name
329,B_Contact_Name
330,B_Contact_Name
331,B_Contact_Name
332,B_Contact_Name
333,B_Contact_Name
334,B_Contact_Name
335,B_Contact_Name
336,B_Contact_Name
337,B_Contact_Name
338,B_Contact_Name
339,B_Contact_Name
340,B_Contact_Name
341,B_Contact_Name
342,B_Contact_Name
343,B_Contact_Name
344,B_Contact_Name
345,B_Contact_Name
346,B_Contact_Name
347,B_Contact_Name
348,B_Contact_Name
349,B_Contact_Name
350,B_Contact_Name
351,B_Contact_Name
352,B_Contact_Name
353,B_Contact_Name
354,B_Contact_Name
355,B_Contact_Name
356,B_Contact_Name
357,B_Contact_Name
358,B_Contact_Name
359,B_Contact_Name
360,B_Contact_Name
361,B_Contact_Name
362,B_Contact_Name
363,B_Contact_Name
364,B_Contact_Name
365,B_Contact_Name
366,B_Contact_Name
367,B_Contact_Name
368,B_Contact_Name
369,B_Contact_Name
370,B_Contact_Name
371,B_Contact_Name
372,B_Contact_Name
373,B_Contact_Name
374,B_Contact_Name
375,B_Contact_Name
376,B_Contact_Name
377,B_Contact_Name
378,B_Contact_Name
379,B_Contact_Name
380,B_Contact_Name
381,B_Contact_Name
382,B_Contact_Name
383,B_Contact_Name
384,B_Contact_Name
385,B_Contact_Name
386,B_Contact_Name
387,B_Contact_Name
388,B_Contact_Name
389,B_Contact_Name
390,B_Contact_Name
391,B_Contact_Name
392,B_Contact_Name
393,B_Contact_Name
394,B_Contact_Name
395,B_Contact_Name
396,B_Contact_Name
397,B_Contact_Name
398,B_Contact_Name
399,B_Contact_Name
400,B_Contact_Name
401,B_Contact_Name
402,B_Contact_Name
403,B_Contact_Name
404,B_Contact_Name
405,B_Contact_Name
406,B_Contact_Name
407,B_Contact_Name
408,B_Contact_Name
409,B_Contact_Name
410,B_Contact_Name
411,B_Contact_Name
412,B_Contact_Name
413,B_Contact_Name
414,B_Contact_Name
415,B_Contact_Name
416,B_Contact_Name
417,B_Contact_Name
418,B_Contact_Name
419,B_Contact_Name
420,B_Contact_Name
421,B_Contact_Name
422,B_Contact_Name
423,B_Contact_Name
424,B_Contact_Name
425,B_Contact_Name
426,B_Contact_Name
427,B_Contact_Name
428,B_Contact_Name
429,B_Contact_Name
430,B_Contact_Name
431,B_Contact_Name
432,B_Contact_Name
433,B_Contact_Name
434,B_Contact_Name
435,B_Contact_Name
436,B_Contact_Name
437,B_Contact_Name
438,B_Contact_Name
439,B_Contact_Name
440,B_Contact_Name
441,B_Contact_Name
442,B_Contact_Name
443,B_Contact_Name
444,B_Contact_Name
445,B_Contact_Name
446,B_Contact_Name
447,B_Contact_Name
448,B_Contact_Name
449,B_Contact_Name
450,B_Contact_Name
451,B_Contact_Name
452,B_Contact_Name
453,B_Contact_Name
454,B_Contact_Name
455,B_Contact_Name
456,B_Contact_Name
457,B_Contact_Name
458,B_Contact_Name
459,B_Contact_Name
460,B_Contact_Name
461,B_Contact_Name
462,B_Contact_Name
463,B_Contact_Name
464,B_Contact_Name
465,B_Contact_Name
466,B_Contact_Name
467,B_Contact_Name
468,B_Contact_Name
469,B_Contact_Name
470,B_Contact_Name
471,B_Contact_Name
472,B_Contact_Name
473,B_Contact_Name
474,B_Contact_Name
475,B_Contact_Name
476,B_Contact_Name
477,B_Contact_Name
478,B_Contact_Name
479,B_Contact_Name
480,B_Contact_Name
481,B_Contact_Name
482,B_Contact_Name
483,B_Contact_Name
484,B_Contact_Name
485,B_Contact_Name
486,B_Contact_Name
487,B_Contact_Name
488,B_Contact_Name
489,B_Contact_Name
490,B_Contact_Name
491,B_Contact_Name
492,B_Contact_Name
493,B_Contact_Name
494,B_Contact_Name
495,B_Contact_Name
496,B_Contact_Name
497,B_Contact_Name
498,B_Contact_Name
499,B_Contact_Name
500,B_Contact_Name
501,B_Contact_Name
502,B_Contact_Name
503,B_Contact_Name
504,B_Contact_Name
505,B_Contact_Name
506,B_Contact_Name
507,B_Contact_Name
508,B_Contact_Name
509,B_Contact_Name
510,B_Contact_Name
511,B_Contact_Name
512,B_Contact_Name
513,B_Contact_Name
514,B_Contact_Name
515,B_Contact_Name
516,B_Contact_Name
517,B_Contact_Name
518,B_Contact_Name
519,B_Contact_Name
520,B_Contact_Name
521,B_Contact_Name
522,B_Contact_Name
523,B_Contact_Name
524,B_Contact_Name
525,B_Contact_Name
526,B_Contact_Name
527,B_Contact_Name
528,B_Contact_Name
529,B_Contact_Name
530,B_Contact_Name
531,B_Contact_Name
532,B_Contact_Name
533,B_Contact_Name
534,B_Contact_Name
535,B_Contact_Name
536,B_Contact_Name
537,B_Contact_Name
538,B_Contact_Name
539,B_Contact_Name
540,B_Contact_Name
541,B_Contact_Name
542,B_Contact_Name
543,B_Contact_Name
544,B_Contact_Name
545,B_Contact_Name
546,B_Contact_Name
547,B_Contact_Name
548,B_Contact_Name
549,B_Contact_Name
550,B_Contact_Name
551,B_Contact_Name
552,B_Contact_Name
553,B_Contact_Name
554,B_Contact_Name
555,B_Contact_Name
556,B_Contact_Name
557,B_Contact_Name
558,B_Contact_Name
559,B_Contact_Name
560,B_Contact_Name
561,B_Contact_Name
562,B_Contact_Name
563,B_Contact_Name
564,B_Contact_Name
565,B_Contact_Name
566,B_Contact_Name
567,B_Contact_Name
568,B_Contact_Name
569,B_Contact_Name
570,B_Contact_Name
571,B_Contact_Name
572,B_Contact_Name
573,B_Contact_Name
574,B_Contact_Name
575,B_Contact_Name
576,B_Contact_Name
577,B_Contact_Name
578,B_Contact_Name
579,B_Contact_Name
580,B_Contact_Name
581,B_Contact_Name
582,B_Contact_Name
583,B_Contact_Name
584,B_Contact_Name
585,B_Contact_Name
586,B_Contact_Name
587,B_Contact_Name
588,B_Contact_Name
589,B_Contact_Name
590,B_Contact_Name
591,B_Contact_Name
592,B_Contact_Name
593,B_Contact_Name
594,B_Contact_Name
595,B_Contact_Name
596,B_Contact_Name
597,B_Contact_Name
598,B_Contact_Name
599,B_Contact_Name
600,B_Contact_Name
601,B_Contact_Name
602,B_Contact_Name
603,B_Contact_Name
604,B_Contact_Name
605,B_Contact_Name
606,B_Contact_Name
607,B_Contact_Name
608,B_Contact_Name
609,B_Contact_Name
610,B_Contact_Name
611,B_Contact_Name
612,B_Contact_Name
613,B_Contact_Name
614,B_Contact_Name
615,B_Contact_Name
616,B_Contact_Name
617,B_Contact_Name
618,B_Contact_Name
619,B_Contact_Name
620,B_Contact_Name
621,B_Contact_Name
622,B_Contact_Name
623,B_Contact_Name
624,B_Contact_Name
625,B_Contact_Name
626,B_Contact_Name
627,B_Contact_Name
628,B_Contact_Name
629,B_Contact_Name
630,B_Contact_Name
631,B_Contact_Name
632,B_Contact_Name
633,B_Contact_Name
634,B_Contact_Name
635,B_Contact_Name
636,B_Contact_Name
637,B_Contact_Name
638,B_Contact_Name
639,B_Contact_Name
640,B_Contact_Name
641,B_Contact_Name
642,B_Contact_Name
643,B_Contact_Name
644,B_Contact_Name
645,B_Contact_Name
646,B_Contact_Name
647,B_Contact_Name
648,B_Contact_Name
649,B_Contact_Name
650,B_Contact_Name
651,B_Contact_Name
652,B_Contact_Name
653,B_Contact_Name
654,B_Contact_Name
655,B_Contact_Name
656,B_Contact_Name
657,B_Contact_Name
658,B_Contact_Name
659,B_Contact_Name
660,B_Contact_Name
661,B_Contact_Name
662,B_Contact_Name
663,B_Contact_Name
664,B_Contact_Name
665,B_Contact_Name
666,B_Contact_Name
667,B_Contact_Name
668,B_Contact_Name
669,B_Contact_Name
670,B_Contact_Name
671,B_Contact_Name
672,B_Contact_Name
673,B_Contact_Name
674,B_Contact_Name
675,B_Contact_Name
676,B_Contact_Name
677,B_Contact_Name
678,B_Contact_Name
679,B_Contact_Name
680,B_Contact_Name
681,B_Contact_Name
682,B_Contact_Name
683,B_Contact_Name
684,B_Contact_Name
685,B_Contact_Name
686,B_Contact_Name
687,B_Contact_Name
688,B_Contact_Name
689,B_Contact_Name
690,B_Contact_Name
691,B_Contact_Name
692,B_Contact_Name
693,B_Contact_Name
694,B_Contact_Name
695,B_Contact_Name
696,B_Contact_Name
697,B_Contact_Name
698,B_Contact_Name
699,B_Contact_Name
700,B_Contact_Name
701,B_Contact_Name
702,B_Contact_Name
703,B_Contact_Name
704,B_Contact_Name
705,B_Contact_Name
706,B_Contact_Name
707,B_Contact_Name
708,B_Contact_Name
709,B_Contact_Name
710,B_Contact_Name
711,B_Contact_Name
712,B_Contact_Name
713,B_Contact_Name
714,B_Contact_Name
715,B_Contact_Name
716,B_Contact_Name
717,B_Contact_Name
718,B_Contact_Name
719,B_Contact_Name
720,B_Contact_Name
721,B_Contact_Name
722,B_Contact_Name
723,B_Contact_Name
724,B_Contact_Name
725,B_Contact_Name
726,B_Contact_Name
727,B_Contact_Name
728,B_Contact_Name
729,B_Contact_Name
730,B_Contact_Name
731,B_Contact_Name
732,B_Contact_Name
733,B_Contact_Name
734,B_Contact_Name
735,B_Contact_Name
736,B_Contact_Name
737,B_Contact_Name
738,B_Contact_Name
739,B_Contact_Name
740,B_Contact_Name
741,B_Contact_Name
742,B_Contact_Name
743,B_Contact_Name
744,B_Contact_Name
745,B_Contact_Name
746,B_Contact_Name
747,B_Contact_Name
748,B_Contact_Name
749,B_Contact_Name
750,B_Contact_Name
751,B_Contact_Name
752,B_Contact_Name
753,B_Contact_Name
754,B_Contact_Name
755,B_Contact_Name
756,B_Contact_Name
757,B_Contact_Name
758,B_Contact_Name
759,B_Contact_Name
760,B_Contact_Name
761,B_Contact_Name
762,B_Contact_Name
763,B_Contact_Name
764,B_Contact_Name
765,B_Contact_Name
766,B_Contact_Name
767,B_Contact_Name
768,B_Contact_Name
769,B_Contact_Name
770,B_Contact_Name
771,B_Contact_Name
772,B_Contact_Name
773,B_Contact_Name
774,B_Contact_Name
775,B_Contact_Name
776,B_Contact_Name
777,B_Contact_Name
778,o
779,B_Catchall_Phrase
780,B_Catchall_Phrase
781,B_Catchall_Phrase
782,B_Catchall_Phrase
783,B_Catchall_Phrase
784,B_Catchall_Phrase
785,B_Catchall_Phrase
786,B_Catchall_Phrase
787,B_Catchall_Phrase
788,B_Catchall_Phrase
789,B_Catchall_Phrase
790,B_Catchall_Phrase
791,B_Catchall_Phrase
792,B_Catchall_Phrase
793,B_Catchall_Phrase
794,B_Catchall_Phrase
795,B_Catchall_Phrase
796,B_Catchall_Phrase
797,B_Catchall_Phrase
798,B_Catchall_Phrase
799,B_Catchall_Phrase
800,B_Catchall_Phrase
801,B_Catchall_Phrase
802,B_Catchall_Phrase
803,B_Catchall_Phrase
804,B_Catchall_Phrase
805,B_Catchall_Phrase
806,B_Catchall_Phrase
807,B_Catchall_Phrase
808,B_Catchall_Phrase
809,B_Catchall_Phrase
810,B_Catchall_Phrase
811,B_Catchall_Phrase
812,B_Catchall_Phrase
813,B_Catchall_Phrase
814,B_Catchall_Phrase
815,B_Catchall_Phrase
816,B_Catchall_Phrase
817,B_Catchall_Phrase
818,B_Catchall_Phrase
819,B_Catchall_Phrase
820,B_Catchall_Phrase
821,B_Catchall_Phrase
822,B_Catchall_Phrase
823,B_Catchall_Phrase
824,B_Catchall_Phrase
825,B_Catchall_Phrase
826,B_Catchall_Phrase
827,B_Catchall_Phrase
828,B_Catchall_Phrase
829,B_Catchall_Phrase
830,B_Catchall_Phrase
831,B_Catchall_Phrase
832,B_Catchall_Phrase
833,B_Catchall_Phrase
834,B_Catchall_Phrase
835,B_Catchall_Phrase
836,B_Catchall_Phrase
837,B_Catchall_Phrase
838,B_Catchall_Phrase
839,B_Catchall_Phrase
840,B_Catchall_Phrase
841,B_Catchall_Phrase
842,B_Catchall_Phrase
843,B_Catchall_Phrase
844,B_Catchall_Phrase
845,B_Catchall_Phrase
846,B_Catchall_Phrase
847,B_Catchall_Phrase
848,B_Catchall_Phrase
849,B_Catchall_Phrase
850,B_Catchall_Phrase
851,B_Catchall_Phrase
852,B_Catchall_Phrase
853,B_Catchall_Phrase
854,B_Catchall_Phrase
855,B_Catchall_Phrase
856,B_Catchall_Phrase
857,B_Catchall_Phrase
858,B_Catchall_Phrase
859,B_Catchall_Phrase
860,B_Catchall_Phrase
861,B_Catchall_Phrase
862,B_Catchall_Phrase
863,B_Catchall_Phrase
864,B_Catchall_Phrase
865,B_Catchall_Phrase
866,B_Catchall_Phrase
867,B_Catchall_Phrase
868,B_Catchall_Phrase
869,B_Catchall_Phrase
870,B_Catchall_Phrase
871,B_Catchall_Phrase
872,B_Catchall_Phrase
873,B_Catchall_Phrase
874,B_Catchall_Phrase
875,B_Catchall_Phrase
876,B_Catchall_Phrase
877,B_Catchall_Phrase
878,B_Catchall_Phrase
879,B_Catchall_Phrase
880,B_Catchall_Phrase
881,B_Catchall_Phrase
882,B_Catchall_Phrase
883,B_Catchall_Phrase
884,B_Catchall_Phrase
885,B_Catchall_Phrase
886,B_Catchall_Phrase
887,B_Catchall_Phrase
888,B_Catchall_Phrase
889,B_Catchall_Phrase
890,B_Catchall_Phrase
891,B_Catchall_Phrase
892,B_Catchall_Phrase
893,B_Catchall_Phrase
894,B_Catchall_Phrase
895,B_Catchall_Phrase
896,B_Catchall_Phrase
897,B_Catchall_Phrase
898,B_Catchall_Phrase
899,B_Catchall_Phrase
900,B_Catchall_Phrase
901,B_Catchall_Phrase
902,B_Catchall_Phrase
903,B_Catchall_Phrase
904,B_Catchall_Phrase
905,B_Catchall_Phrase
906,B_Catchall_Phrase
907,B_Catchall_Phrase
908,B_Catchall_Phrase
909,B_Catchall_Phrase
910,B_Catchall_Phrase
911,B_Catchall_Phrase
912,B_Catchall_Phrase
913,B_Catchall_Phrase
914,B_Catchall_Phrase
915,B_Catchall_Phrase
916,B_Catchall_Phrase
917,B_Catchall_Phrase
918,B_Catchall_Phrase
919,B_Catchall_Phrase
920,B_Catchall_Phrase
921,B_Catchall_Phrase
922,B_Catchall_Phrase
923,B_Catchall_Phrase
924,B_Catchall_Phrase
925,B_Catchall_Phrase
926,B_Catchall_Phrase
927,B_Catchall_Phrase
928,B_Catchall_Phrase
929,B_Catchall_Phrase
930,B_Catchall_Phrase
931,B_Catchall_Phrase
932,B_Catchall_Phrase
933,B_Catchall_Phrase
934,B_Catchall_Phrase
935,B_Catchall_Phrase
936,B_Catchall_Phrase
937,B_Catchall_Phrase
938,B_Catchall_Phrase
939,B_Catchall_Phrase
940,B_Catchall_Phrase
941,B_Catchall_Phrase
942,B_Catchall_Phrase
943,B_Catchall_Phrase
944,B_Catchall_Phrase
945,B_Catchall_Phrase
946,B_Catchall_Phrase
947,B_Catchall_Phrase
948,B_Catchall_Phrase
949,B_Catchall_Phrase
950,B_Catchall_Phrase
951,B_Catchall_Phrase
952,B_Catchall_Phrase
953,B_Catchall_Phrase
954,B_Catchall_Phrase
955,B_Catchall_Phrase
956,B_Catchall_Phrase
957,B_Catchall_Phrase
958,B_Catchall_Phrase
959,B_Catchall_Phrase
960,B_Catchall_Phrase
961,B_Catchall_Phrase
962,B_Catchall_Phrase
963,B_Catchall_Phrase
964,B_Catchall_Phrase
965,B_Catchall_Phrase
966,B_Catchall_Phrase
967,B_Catchall_Phrase
968,B_Catchall_Phrase
969,B_Catchall_Phrase
970,B_Catchall_Phrase
971,B_Catchall_Phrase
972,B_Catchall_Phrase
973,B_Catchall_Phrase
974,B_Catchall_Phrase
975,B_Catchall_Phrase
976,B_Catchall_Phrase
977,B_Catchall_Phrase
978,B_Catchall_Phrase
979,B_Catchall_Phrase
980,B_Catchall_Phrase
981,B_Catchall_Phrase
982,B_Catchall_Phrase
983,B_Catchall_Phrase
984,B_Catchall_Phrase
985,B_Catchall_Phrase
986,B_Catchall_Phrase
987,B_Catchall_Phrase
988,B_Catchall_Phrase
989,B_Catchall_Phrase
990,B_Catchall_Phrase
991,B_Catchall_Phrase
992,B_Catchall_Phrase
993,B_Catchall_Phrase
994,B_Catchall_Phrase
995,B_Catchall_Phrase
996,B_Catchall_Phrase
997,B_Catchall_Phrase
998,B_Catchall_Phrase
999,B_Catchall_Phrase
1000,B_Catchall_Phrase
1001,B_Catchall_Phrase
1002,B_Catchall_Phrase
1003,B_Catchall_Phrase
1004,B_Catchall_Phrase
1005,B_Catchall_Phrase
1006,B_Catchall_Phrase
1007,B_Catchall_Phrase
1008,B_Catchall_Phrase
1009,B_Catchall_Phrase
1010,B_Catchall_Phrase
1011,B_Catchall_Phrase
1012,B_Catchall_Phrase
1013,B_Catchall_Phrase
1014,B_Catchall_Phrase
1015,B_Catchall_Phrase
1016,B_Catchall_Phrase
1017,B_Catchall_Phrase
1018,B_Catchall_Phrase
1019,B_Catchall_Phrase
1020,B_Catchall_Phrase
1021,B_Catchall_Phrase
1022,B_Catchall_Phrase
1023,B_Catchall_Phrase
1024,B_Catchall_Phrase
1025,B_Catchall_Phrase
1026,B_Catchall_Phrase
1027,B_Catchall_Phrase
1028,B_Catchall_Phrase
1029,B_Catchall_Phrase
1030,B_Catchall_Phrase
1031,B_Catchall_Phrase
1032,B_Catchall_Phrase
1033,B_Catchall_Phrase
1034,B_Catchall_Phrase
1035,B_Catchall_Phrase
1036,B_Catchall_Phrase
1037,B_Catchall_Phrase
1038,B_Catchall_Phrase
1039,B_Catchall_Phrase
1040,B_Catchall_Phrase
1041,B_Catchall_Phrase
1042,B_Catchall_Phrase
1043,B_Catchall_Phrase
1044,B_Catchall_Phrase
1045,B_Catchall_Phrase
1046,B_Catchall_Phrase
1047,B_Catchall_Phrase
1048,B_Catchall_Phrase
1049,B_Catchall_Phrase
1050,B_Catchall_Phrase
1051,B_Catchall_Phrase
1052,B_Catchall_Phrase
1053,B_Catchall_Phrase
1054,B_Catchall_Phrase
1055,B_Catchall_Phrase
1056,B_Catchall_Phrase
1057,B_Catchall_Phrase
1058,B_Catchall_Phrase
1059,B_Catchall_Phrase
1060,B_Catchall_Phrase
1061,B_Catchall_Phrase
1062,B_Catchall_Phrase
1063,B_Catchall_Phrase
1064,B_Catchall_Phrase
1065,B_Catchall_Phrase
1066,B_Catchall_Phrase
1067,B_Catchall_Phrase
1068,B_Catchall_Phrase
1069,B_Catchall_Phrase
1070,B_Catchall_Phrase
1071,B_Catchall_Phrase
1072,B_Catchall_Phrase
1073,B_Catchall_Phrase
1074,B_Catchall_Phrase
1075,B_Catchall_Phrase
1076,B_Catchall_Phrase
1077,B_Catchall_Phrase
1078,B_Catchall_Phrase
1079,B_Catchall_Phrase
1080,B_Catchall_Phrase
1081,B_Catchall_Phrase
1082,B_Catchall_Phrase
1083,B_Catchall_Phrase
1084,B_Catchall_Phrase
1085,B_Catchall_Phrase
1086,B_Catchall_Phrase
1087,B_Catchall_Phrase
1088,B_Catchall_Phrase
1089,B_Catchall_Phrase
1090,B_Catchall_Phrase
1091,B_Catchall_Phrase
1092,B_Catchall_Phrase
1093,B_Catchall_Phrase
1094,B_Catchall_Phrase
1095,B_Catchall_Phrase
1096,B_Catchall_Phrase
1097,B_Catchall_Phrase
1098,B_Catchall_Phrase
1099,B_Catchall_Phrase
1100,B_Catchall_Phrase
1101,B_Catchall_Phrase
1102,B_Catchall_Phrase
1103,B_Catchall_Phrase
1104,B_Catchall_Phrase
1105,B_Catchall_Phrase
1106,B_Catchall_Phrase
1107,B_Catchall_Phrase
1108,B_Catchall_Phrase
1109,B_Catchall_Phrase
1110,B_Catchall_Phrase
1111,B_Catchall_Phrase
1112,B_Catchall_Phrase
1113,B_Catchall_Phrase
1114,B_Catchall_Phrase
1115,B_Catchall_Phrase
1116,B_Catchall_Phrase
1117,B_Catchall_Phrase
1118,B_Catchall_Phrase
1119,B_Catchall_Phrase
1120,B_Catchall_Phrase
1121,B_Catchall_Phrase
1122,B_Catchall_Phrase
1123,B_Catchall_Phrase
1124,B_Catchall_Phrase
1125,B_Catchall_Phrase
1126,B_Catchall_Phrase
1127,B_Catchall_Phrase
1128,B_Catchall_Phrase
1129,B_Catchall_Phrase
1130,B_Catchall_Phrase
1131,B_Catchall_Phrase
1132,B_Catchall_Phrase
1133,B_Catchall_Phrase
1134,B_Catchall_Phrase
1135,B_Catchall_Phrase
1136,B_Catchall_Phrase
1137,B_Catchall_Phrase
1138,B_Catchall_Phrase
1139,B_Catchall_Phrase
1140,B_Catchall_Phrase
1141,B_Catchall_Phrase
1142,B_Catchall_Phrase
1143,B_Catchall_Phrase
1144,B_Catchall_Phrase
1145,B_Catchall_Phrase
1146,B_Catchall_Phrase
1147,B_Catchall_Phrase
1148,B_Catchall_Phrase
1149,B_Catchall_Phrase
1150,B_Catchall_Phrase
1151,B_Catchall_Phrase
1152,B_Catchall_Phrase
1153,B_Catchall_Phrase
1154,B_Catchall_Phrase
1155,B_Catchall_Phrase
1156,B_Catchall_Phrase
1157,B_Catchall_Phrase
1158,B_Catchall_Phrase
1159,B_Catchall_Phrase
1160,B_Catchall_Phrase
1161,B_Catchall_Phrase
1162,B_Catchall_Phrase
1163,B_Catchall_Phrase
1164,B_Catchall_Phrase
1165,B_Catchall_Phrase
1166,B_Catchall_Phrase
1167,B_Catchall_Phrase
1168,B_Catchall_Phrase
1169,B_Catchall_Phrase
1170,B_Catchall_Phrase
1171,B_Catchall_Phrase
1172,B_Catchall_Phrase
1173,B_Catchall_Phrase
1174,B_Catchall_Phrase
1175,B_Catchall_Phrase
1176,B_Catchall_Phrase
1177,B_Catchall_Phrase
1178,B_Catchall_Phrase
1179,B_Catchall_Phrase
1180,B_Catchall_Phrase
1181,B_Catchall_Phrase
1182,B_Catchall_Phrase
1183,B_Catchall_Phrase
1184,B_Catchall_Phrase
1185,B_Catchall_Phrase
1186,B_Catchall_Phrase
1187,B_Catchall_Phrase
1188,B_Catchall_Phrase
1189,B_Catchall_Phrase
1190,B_Catchall_Phrase
1191,B_Catchall_Phrase
1192,B_Catchall_Phrase
1193,B_Catchall_Phrase
1194,B_Catchall_Phrase
1195,B_Catchall_Phrase
1196,B_Catchall_Phrase
1197,B_Catchall_Phrase
1198,B_Catchall_Phrase
1199,B_Catchall_Phrase
1200,B_Catchall_Phrase
1201,B_Catchall_Phrase
1202,B_Catchall_Phrase
1203,B_Catchall_Phrase
1204,B_Catchall_Phrase
1205,B_Catchall_Phrase
1206,B_Catchall_Phrase
1207,B_Catchall_Phrase
1208,B_Catchall_Phrase
1209,B_Catchall_Phrase
1210,B_Catchall_Phrase
1211,B_Catchall_Phrase
1212,B_Catchall_Phrase
1213,B_Catchall_Phrase
1214,B_Catchall_Phrase
1215,B_Catchall_Phrase
1216,B_Catchall_Phrase
1217,B_Catchall_Phrase
1218,B_Catchall_Phrase
1219,B_Catchall_Phrase
1220,B_Catchall_Phrase
1221,B_Catchall_Phrase
1222,B_Catchall_Phrase
1223,B_Catchall_Phrase
1224,B_Catchall_Phrase
1225,B_Catchall_Phrase
1226,B_Catchall_Phrase
1227,B_Catchall_Phrase
1228,B_Catchall_Phrase
1229,B_Catchall_Phrase
1230,B_Catchall_Phrase
1231,B_Catchall_Phrase
1232,B_Catchall_Phrase
1233,B_Catchall_Phrase
1234,B_Catchall_Phrase
1235,B_Catchall_Phrase
1236,B_Catchall_Phrase
1237,B_Catchall_Phrase
1238,B_Catchall_Phrase
1239,B_Catchall_Phrase
1240,B_Catchall_Phrase
1241,B_Catchall_Phrase
1242,B_Catchall_Phrase
1243,B_Catchall_Phrase
1244,B_Catchall_Phrase
1245,B_Catchall_Phrase
1246,B_Catchall_Phrase
1247,B_Catchall_Phrase
1248,B_Catchall_Phrase
1249,B_Catchall_Phrase
1250,B_Catchall_Phrase
1251,B_Catchall_Phrase
1252,B_Catchall_Phrase
1253,B_Catchall_Phrase
1254,B_Catchall_Phrase
1255,B_Catchall_Phrase
1256,B_Catchall_Phrase
1257,B_Catchall_Phrase
1258,B_Catchall_Phrase
1259,B_Catchall_Phrase
1260,B_Catchall_Phrase
1261,B_Catchall_Phrase
1262,B_Catchall_Phrase
1263,B_Catchall_Phrase
1264,B_Catchall_Phrase
1265,B_Catchall_Phrase
1266,B_Catchall_Phrase
1267,B_Catchall_Phrase
1268,B_Catchall_Phrase
1269,B_Catchall_Phrase
1270,B_Catchall_Phrase
1271,B_Catchall_Phrase
1272,B_Catchall_Phrase
1273,B_Catchall_Phrase
1274,B_Catchall_Phrase
1275,B_Catchall_Phrase
1276,B_Catchall_Phrase
1277,o
1278,o
1279,o
1280,o
1281,o
1282,o
1283,o
1284,o
1285,o
1286,o
1287,o
1288,o
1289,o
1290,o
1291,o
1292,o
1293,o
1294,o
1295,o
1296,o
1297,o
1298,o
1299,o
1300,o
1301,o
1302,o
1303,o
1304,o
1305,o
1306,o
1307,o
1308,o
1309,o
1310,o
1311,o
1312,o
1313,o
1314,o
1315,o
1316,o
1317,o
1318,o
1319,o
1320,o
1321,o
1322,o
1323,o
1324,o
1325,o
1326,o
1327,o
1328,o
1329,o
1330,o
1331,o
1332,o
1333,o
1334,o
1335,o
1336,o
1337,o
1338,o
1339,o
1340,o
1341,o
1342,o
1343,o
1344,o
1345,o
1346,o
1347,o
1348,o
1349,o
1350,o
1351,o
1352,o
1353,o
1354,o
1355,o
1356,o
1357,o
1358,o
1359,o
1360,o
1361,o
1362,o
1363,o
1364,o
1365,o
1366,o
1367,o
1368,o
1369,o
1370,o
1371,o
1372,o
1373,o
1374,o
1375,o
1376,o
1377,o
1378,o
1379,o
1380,o
1381,o
1382,o
1383,o
1384,o
1385,o
1386,o
1387,o
1388,o
1389,o
1390,o
1391,o
1392,o
1393,o
1394,o
1395,o
1396,o
1397,o
1398,o
1399,o
1400,o
1401,o
1402,o
1403,o
1404,o
1405,o
1406,o
1407,o
1408,o
1409,o
1410,o
1411,o
1412,o
1413,o
1414,o
1415,o
1416,o
1417,o
1418,o
1419,o
1420,o
1421,o
1422,o
1423,o
1424,o
1425,o
1426,o
1427,o
1428,o
1429,o
1430,o
1431,o
1432,o
1433,o
1434,o
1435,o
1436,o
1437,o
1438,o
1439,o
1440,o
1441,o
1442,o
1443,o
1444,o
1445,o
1446,o
1447,o
1448,o
1449,o
1450,o
1451,o
1452,o
1453,o
1454,o
1455,o
1456,o
1457,o
1458,o
1459,o
1460,o
1461,o
1462,o
1463,o
1464,o
1465,o
1466,o
1467,o
1468,o
1469,o
1470,o
1471,o
1472,o
1473,o
1474,o
1475,o
1476,o
1477,o
1478,o
1479,o
1480,o
1481,o
1482,o
1483,o
1484,o
1485,o
1486,o
1487,o
1488,o
1489,o
1490,o
1491,o
1492,o
1493,o
1494,o
1495,o
1496,o
1497,o
1498,o
1499,o
1500,o
1501,o
1502,o
1503,o
1504,o
1505,o
1506,o
1507,o
1508,o
1509,o
1510,o
1511,o
1512,o
1513,o
1514,o
1515,o
1516,o
1517,o
1518,o
1519,o
1520,o
1521,o
1522,o
1523,o
1524,o
1525,o
1526,o
1527,o
1528,o
1529,o
1530,o
1531,o
1532,o
1533,o
1534,o
1535,o
1536,o
1537,o
1538,o
1539,o
1540,o
1541,o
1542,o
1543,o
1544,o
1545,o
1546,o
1547,o
1548,o
1549,o
1550,o
1551,o
1552,o
1553,o
1554,o
1555,o
1556,o
1557,o
1558,o
1559,o
1560,o
1561,o
1562,o
1563,o
1564,o
1565,o
1566,o
1567,o
1568,o
1569,o
1570,o
1571,o
1572,o
1573,o
1574,o
1575,o
1576,o
1577,o
1578,o
1579,o
1580,o
1581,o
1582,o
1583,o
1584,o
1585,o
1586,o
1587,o
1588,o
1589,o
1590,o
1591,o
1592,o
1593,o
1594,o
1595,o
1596,o
1597,o
1598,o
1599,o
1600,o
1601,o
1602,o
1603,o
1604,o
1605,o
1606,o
1607,o
1608,o
1609,o
1610,o
1611,o
1612,o
1613,o
1614,o
1615,o
1616,o
1617,o
1618,o
1619,o
1620,o
1621,o
1622,o
1623,o
1624,o
1625,o
1626,o
1627,o
1628,o
1629,o
